date,dailyreturn
2018-01-15,0.19
2018-01-16,0.74
2018-01-17,0.23
2018-01-18,0.44
2018-01-19,0.28
2018-01-22,0.15
2018-01-23,2.07
2018-01-24,-0.30
2018-01-25,0.00
2018-01-26,0.68
2018-01-29,0.30
2018-01-30,-1.57
2018-01-31,0.46
2018-02-01,-0.11
2018-02-02,0.46
2018-02-05,-0.59
2018-02-06,-1.69
2018-02-07,0.87
2018-02-08,0.15
2018-02-09,-0.60
2018-02-12,0.28
2018-02-13,0.84
2018-02-14,0.25
2018-02-15,-0.04
2018-02-19,1.48
2018-02-20,-0.39
2018-02-21,-0.29
2018-02-22,-0.76
2018-02-23,0.41
2018-02-26,-0.98
2018-02-27,0.68
2018-02-28,-0.03
2018-03-01,0.13
2018-03-02,-0.36
2018-03-05,-0.48
2018-03-06,-0.77
2018-03-07,-2.03
2018-03-08,1.17
2018-03-09,-0.15
2018-03-12,1.05
2018-03-13,-1.35
2018-03-14,-0.47
2018-03-15,-0.95
2018-03-16,-0.27
2018-03-19,-0.24
2018-03-20,-0.73
2018-03-21,1.11
2018-03-22,-0.93
2018-03-23,-0.69
2018-03-26,-0.17
2018-03-27,0.15
2018-03-28,-1.10
2018-03-29,0.78
2018-04-02,0.83
2018-04-03,-0.19
2018-04-04,-1.15
2018-04-05,0.42
2018-04-06,-0.13
2018-04-09,1.15
2018-04-10,1.28
2018-04-11,0.56
2018-04-12,-0.79
2018-04-13,-0.64
2018-04-16,0.26
2018-04-17,-0.02
2018-04-18,0.54
2018-04-19,0.57
2018-04-20,-0.29
2018-04-23,-0.47
2018-04-24,-1.24
2018-04-25,-2.40
2018-04-26,-2.81
2018-04-27,0.17
2018-04-30,1.27
2018-05-02,0.29
2018-05-03,-2.55
2018-05-04,-1.13
2018-05-07,1.60
2018-05-08,-1.88
2018-05-09,2.31
2018-05-11,0.83
2018-05-14,-0.16
2018-05-15,-1.83
2018-05-16,0.06
2018-05-17,-0.44
2018-05-18,-0.56
2018-05-21,-0.86
2018-05-22,0.30
2018-05-23,0.71
2018-05-24,2.67
2018-05-25,0.49
2018-05-28,1.55
2018-05-30,-0.94
2018-05-31,-0.46
2018-06-04,0.52
2018-06-05,1.23
2018-06-06,-0.31
2018-06-07,0.61
2018-06-08,-1.85
2018-06-20,-1.83
2018-06-21,-1.05
2018-06-22,-0.01
2018-06-25,0.64
2018-06-26,-0.57
2018-06-27,-0.65
2018-06-28,-2.08
2018-06-29,2.33
2018-07-02,-0.90
2018-07-03,-1.96
2018-07-04,1.77
2018-07-05,0.10
2018-07-06,-0.77
2018-07-09,1.97
2018-07-10,1.28
2018-07-11,0.20
2018-07-12,0.25
2018-07-13,0.61
2018-07-16,-0.65
2018-07-17,-0.74
2018-07-18,0.50
2018-07-19,-0.33
2018-07-20,0.03
2018-07-23,0.73
2018-07-24,0.27
2018-07-25,0.03
2018-07-26,0.21
2018-07-27,0.72
2018-07-30,0.65
2018-07-31,-1.52
2018-08-01,1.63
2018-08-02,-0.36
2018-08-03,-0.07
2018-08-06,1.56
2018-08-07,-0.16
2018-08-08,0.06
2018-08-09,-0.49
2018-08-10,0.20
2018-08-13,-3.55
2018-08-14,-1.56
2018-08-15,0.81
2018-08-16,-0.56
2018-08-20,1.87
2018-08-21,0.88
2018-08-23,0.65
2018-08-24,-0.24
2018-08-27,0.96
2018-08-28,0.28
2018-08-29,0.37
2018-08-30,-0.76
2018-08-31,-0.01
2018-09-03,-0.85
2018-09-04,-1.04
2018-09-05,-3.76
2018-09-06,1.63
2018-09-07,1.30
2018-09-10,-0.35
2018-09-12,-0.57
2018-09-13,1.04
2018-09-14,1.25
2018-09-17,-1.80
2018-09-18,-0.21
2018-09-19,1.06
2018-09-20,0.98
2018-09-21,0.45
2018-09-24,-1.27
2018-09-25,-0.13
2018-09-26,-0.02
2018-09-27,0.95
2018-09-28,0.80
2018-10-01,-0.53
2018-10-02,-1.16
2018-10-03,-0.13
2018-10-04,-1.89
2018-10-05,-0.43
2018-10-08,0.51
2018-10-09,0.62
2018-10-10,0.41
2018-10-11,-2.02
2018-10-12,0.94
2018-10-15,-0.51
2018-10-16,1.28
2018-10-17,1.17
2018-10-18,-0.40
2018-10-19,-0.14
2018-10-22,0.05
2018-10-23,-0.73
2018-10-24,-1.53
2018-10-25,0.80
2018-10-26,0.52
2018-10-29,-0.52
2018-10-30,0.60
2018-10-31,0.73
2018-11-01,0.07
2018-11-02,1.21
2018-11-05,0.24
2018-11-06,0.06
2018-11-07,0.27
2018-11-08,0.62
2018-11-09,-1.72
2018-11-12,-1.65
2018-11-13,1.01
2018-11-14,0.40
2018-11-15,1.66
2018-11-16,0.95
2018-11-19,-0.12
2018-11-21,-0.95
2018-11-22,0.72
2018-11-23,0.26
2018-11-26,0.28
2018-11-27,-0.15
2018-11-28,-0.37
2018-11-29,1.93
2018-11-30,-0.84
2018-12-03,1.03
2018-12-04,0.56
2018-12-05,-0.32
2018-12-06,-0.29
2018-12-07,0.18
2018-12-10,-0.24
2018-12-11,-0.57
2018-12-12,0.64
2018-12-13,1.02
2018-12-14,-0.13
2018-12-17,-1.31
2018-12-18,-0.12
2018-12-19,1.55
2018-12-20,-0.46
2018-12-21,0.26
2018-12-26,-0.58
2018-12-27,1.02
2018-12-28,0.06
2019-01-02,-0.22
2019-01-03,0.64
2019-01-04,0.86
2019-01-07,0.20
2019-01-08,-0.39
2019-01-09,0.15
2019-01-10,0.90
2019-01-11,0.52
2019-01-14,-0.40
2019-01-15,1.15
2019-01-16,0.07
2019-01-17,0.16
2019-01-18,0.38
2019-01-21,0.04
2019-01-22,0.27
2019-01-23,-0.27
2019-01-24,0.24
2019-01-25,0.25
2019-01-28,-0.37
2019-01-29,-0.34
2019-01-30,0.43
2019-01-31,1.06
2019-02-01,0.09
2019-02-04,-0.87
2019-02-06,1.02
2019-02-07,-0.17
2019-02-08,-0.23
2019-02-11,-0.41
2019-02-12,-1.06
2019-02-13,-0.11
2019-02-14,0.01
2019-02-15,-0.48
2019-02-18,1.70
2019-02-19,-0.05
2019-02-20,0.28
2019-02-21,0.38
2019-02-22,-0.56
2019-02-25,0.37
2019-02-26,0.24
2019-02-27,-0.23
2019-02-28,-1.26
2019-03-01,0.88
2019-03-04,-0.18
2019-03-05,-0.73
2019-03-06,0.26
2019-03-08,-1.16
2019-03-11,-0.26
2019-03-12,-0.20
2019-03-13,0.37
2019-03-14,0.56
2019-03-15,0.75
2019-03-18,0.75
2019-03-19,-0.45
2019-03-20,0.04
2019-03-21,0.29
2019-03-22,0.36
2019-03-25,-1.75
2019-03-26,0.92
2019-03-27,-0.39
2019-03-28,0.56
2019-03-29,-0.19
2019-04-01,-0.25
2019-04-02,0.36
2019-04-04,0.29
2019-04-05,-0.32
2019-04-08,-0.75
2019-04-09,0.91
2019-04-10,-0.09
2019-04-11,-1.05
2019-04-12,-0.07
2019-04-15,0.46
2019-04-16,0.72
2019-04-18,0.40
2019-04-22,-1.42
2019-04-23,0.75
2019-04-24,-0.23
2019-04-25,-1.16
2019-04-26,0.44
2019-04-29,0.39
2019-04-30,0.46
2019-05-02,-1.25
2019-05-03,-0.86
2019-05-06,-1.00
2019-05-07,0.65
2019-05-08,-0.43
2019-05-09,-1.14
2019-05-10,0.17
2019-05-13,-1.19
2019-05-14,-1.05
2019-05-15,-1.49
2019-05-16,-1.42
2019-05-17,-1.17
2019-05-20,1.38
2019-05-21,0.75
2019-05-22,-0.20
2019-05-23,1.57
2019-05-24,0.41
2019-05-27,0.69
2019-05-28,-1.08
2019-05-29,1.18
2019-05-31,1.72
2019-06-10,1.30
2019-06-11,0.26
2019-06-12,-0.47
2019-06-13,-0.05
2019-06-14,-0.36
2019-06-17,-0.96
2019-06-18,1.08
2019-06-19,1.31
2019-06-20,-0.06
2019-06-21,-0.32
2019-06-24,-0.43
2019-06-25,0.51
2019-06-26,-0.16
2019-06-27,0.67
2019-06-28,0.09
2019-07-01,0.33
2019-07-02,0.08
2019-07-03,-0.35
2019-07-04,0.21
2019-07-05,-0.04
2019-07-08,-0.34
2019-07-09,0.57
2019-07-10,0.35
2019-07-11,0.10
2019-07-12,-0.68
2019-07-15,0.70
2019-07-16,-0.25
2019-07-17,-0.11
2019-07-18,0.14
2019-07-19,0.83
2019-07-22,-0.36
2019-07-23,-0.46
2019-07-24,-0.29
2019-07-25,0.26
2019-07-26,-1.19
2019-07-29,-0.41
2019-07-30,1.24
2019-07-31,0.21
2019-08-01,-0.14
2019-08-02,-0.65
2019-08-05,-2.59
2019-08-06,-0.91
2019-08-07,1.38
2019-08-08,1.14
2019-08-09,0.12
2019-08-12,-0.50
2019-08-13,-0.63
2019-08-14,0.91
2019-08-15,-0.16
2019-08-16,0.46
2019-08-19,0.16
2019-08-20,-0.02
2019-08-21,-0.68
2019-08-22,-0.22
2019-08-23,0.26
2019-08-26,-0.66
2019-08-27,1.02
2019-08-28,0.06
2019-08-29,0.12
2019-08-30,0.63
2019-09-02,-0.60
2019-09-03,-0.46
2019-09-04,0.13
2019-09-05,0.59
2019-09-06,0.03
2019-09-09,0.27
2019-09-10,0.17
2019-09-11,0.71
2019-09-12,-0.62
2019-09-13,-0.12
2019-09-16,-1.82
2019-09-17,0.28
2019-09-18,0.64
2019-09-19,-0.51
2019-09-20,-0.21
2019-09-23,-0.41
2019-09-24,-1.11
2019-09-25,0.14
2019-09-26,1.37
2019-09-27,-0.54
2019-09-30,-0.45
2019-10-01,-0.50
2019-10-02,-1.35
2019-10-03,-0.28
2019-10-04,0.38
2019-10-07,-1.00
2019-10-08,0.65
2019-10-09,-0.17
2019-10-10,-0.09
2019-10-11,1.36
2019-10-14,0.35
2019-10-15,0.51
2019-10-16,0.19
2019-10-17,0.19
2019-10-18,0.18
2019-10-21,0.11
2019-10-22,0.43
2019-10-23,0.52
2019-10-24,1.31
2019-10-25,-1.38
2019-10-28,0.21
2019-10-29,0.25
2019-10-30,0.23
2019-10-31,-1.07
2019-11-01,-0.34
2019-11-04,-0.43
2019-11-05,1.36
2019-11-06,-0.74
2019-11-07,-0.84
2019-11-08,0.20
2019-11-11,-0.47
2019-11-12,0.52
2019-11-13,-0.62
2019-11-14,-0.71
2019-11-15,0.48
2019-11-18,-0.09
2019-11-19,0.48
2019-11-20,0.05
2019-11-21,-0.61
2019-11-22,-0.28
2019-11-25,-0.48
2019-11-26,-0.73
2019-11-27,-0.05
2019-11-28,-1.16
2019-11-29,0.99
2019-12-02,1.97
2019-12-03,0.06
2019-12-04,-0.34
2019-12-05,0.64
2019-12-06,0.56
2019-12-09,0.11
2019-12-10,-0.17
2019-12-11,-0.06
2019-12-12,-0.66
2019-12-13,0.94
2019-12-16,0.23
2019-12-17,0.53
2019-12-18,0.69
2019-12-19,-0.59
2019-12-20,0.55
2019-12-23,0.34
2019-12-26,0.21
2019-12-27,0.16
2019-12-30,-0.47
2020-01-02,-0.25
2020-01-03,0.63
2020-01-06,-1.04
2020-01-07,0.35
2020-01-08,-0.85
2020-01-09,0.78
2020-01-10,0.01
2020-01-13,0.34
2020-01-14,0.46
2020-01-15,-0.66
2020-01-16,0.04
2020-01-17,0.09
2020-01-20,-0.74
2020-01-21,-0.11
2020-01-22,-0.08
2020-01-23,0.25
2020-01-24,-0.08
2020-01-27,-1.78
2020-01-28,-0.36
2020-01-29,0.03
2020-01-30,-0.91
2020-01-31,-1.94
2020-02-03,-0.94
2020-02-04,0.65
2020-02-05,0.95
2020-02-06,0.14
2020-02-07,0.21
2020-02-10,-0.79
2020-02-11,0.04
2020-02-12,-0.69
2020-02-13,-0.70
2020-02-14,-0.09
2020-02-17,0.01
2020-02-18,0.33
2020-02-19,0.71
2020-02-20,0.23
2020-02-21,-1.01
2020-02-24,-1.28
2020-02-25,-0.34
2020-02-26,-1.70
2020-02-27,-2.69
2020-02-28,-1.50
2020-03-02,-1.68
2020-03-03,2.94
2020-03-04,2.38
2020-03-05,-0.21
2020-03-06,-2.48
2020-03-09,-6.58
2020-03-10,1.64
2020-03-11,-1.28
2020-03-12,-5.01
2020-03-13,0.24
2020-03-16,-4.42
2020-03-17,-4.99
2020-03-18,-2.83
2020-03-19,-5.20
2020-03-20,2.18
2020-03-23,-4.90
2020-03-24,-1.30
2020-03-26,10.19
2020-03-27,4.76
2020-03-30,-2.88
2020-03-31,2.82
2020-04-01,-1.61
2020-04-02,1.47
2020-04-03,2.02
2020-04-06,4.07
2020-04-07,-0.69
2020-04-08,-3.18
2020-04-09,0.48
2020-04-13,-0.54
2020-04-14,1.79
2020-04-15,-1.71
2020-04-16,-3.14
2020-04-17,3.44
2020-04-20,-1.27
2020-04-21,-1.62
2020-04-22,1.46
2020-04-23,0.57
2020-04-24,-2.12
2020-04-27,0.38
2020-04-28,0.36
2020-04-29,0.83
2020-04-30,3.26
2020-05-04,-2.35
2020-05-05,0.54
2020-05-06,-0.46
2020-05-08,-0.25
2020-05-11,0.91
2020-05-12,-1.09
2020-05-13,-0.75
2020-05-14,-0.89
2020-05-15,-0.14
2020-05-18,0.08
2020-05-19,0.83
2020-05-20,-0.06
2020-05-26,1.78
2020-05-27,0.32
2020-05-28,1.61
2020-05-29,0.79
2020-06-02,1.98
2020-06-03,1.93
2020-06-04,-0.49
2020-06-05,0.63
2020-06-08,2.48
2020-06-09,-0.70
2020-06-10,-2.27
2020-06-11,-1.34
2020-06-12,0.53
2020-06-15,-1.31
2020-06-16,3.53
2020-06-17,0.03
2020-06-18,-1.25
2020-06-19,0.35
2020-06-22,-0.47
2020-06-23,-0.81
2020-06-24,1.75
2020-06-25,-1.37
2020-06-26,0.15
2020-06-29,-0.05
2020-06-30,0.07
2020-07-01,0.18
2020-07-02,1.07
2020-07-03,0.14
2020-07-06,0.30
2020-07-07,-0.04
2020-07-08,1.79
2020-07-09,-0.46
2020-07-10,-0.43
2020-07-13,0.66
2020-07-14,0.29
2020-07-15,-0.07
2020-07-16,0.44
2020-07-17,-0.37
2020-07-20,-0.56
2020-07-21,1.26
2020-07-22,-0.09
2020-07-23,0.68
2020-07-24,-1.21
2020-07-27,0.66
2020-07-28,-0.07
2020-07-29,0.72
2020-07-30,0.00
2020-08-03,-2.78
2020-08-04,1.37
2020-08-05,1.03
2020-08-06,1.00
2020-08-07,-0.66
2020-08-10,0.27
2020-08-11,0.63
2020-08-12,0.83
2020-08-13,0.11
2020-08-14,0.16
2020-08-18,0.90
2020-08-19,-0.42
2020-08-24,0.08
2020-08-25,1.17
2020-08-26,0.03
2020-08-27,0.58
2020-08-28,-0.46
2020-08-31,-2.02
2020-09-01,1.38
2020-09-02,0.02
2020-09-03,-0.59
2020-09-04,-0.78
2020-09-07,-0.18
2020-09-08,0.27
2020-09-09,-1.81
2020-09-10,-5.01
2020-09-11,2.56
2020-09-14,2.89
2020-09-15,-1.18
2020-09-16,-0.83
2020-09-17,-0.40
2020-09-18,0.41
2020-09-21,-1.18
2020-09-22,-1.31
2020-09-23,-0.33
2020-09-24,-1.53
2020-09-25,2.13
2020-09-28,-0.79
2020-09-29,-0.56
2020-09-30,-0.19
2020-10-01,2.05
2020-10-02,-0.87
2020-10-05,0.65
2020-10-06,0.82
2020-10-07,0.10
2020-10-08,0.70
2020-10-09,0.29
2020-10-12,0.78
2020-10-13,0.78
2020-10-14,0.85
2020-10-15,-1.37
2020-10-16,-0.03
2020-10-19,0.45
2020-10-20,-0.52
2020-10-21,-0.07
2020-10-22,-0.09
2020-10-23,0.40
2020-10-26,0.62
2020-10-27,-0.31
2020-11-02,-0.26
2020-11-03,0.87
2020-11-04,-1.05
2020-11-05,3.04
2020-11-06,1.43
2020-11-09,0.38
2020-11-10,1.99
2020-11-11,0.86
2020-11-12,-0.92
2020-11-13,0.04
2020-11-16,0.62
2020-11-17,0.64
2020-11-18,0.50
2020-11-19,0.66
2020-11-20,-0.40
2020-11-23,1.46
2020-11-24,0.85
2020-11-25,-0.38
2020-11-26,1.42
2020-11-27,0.41
2020-11-30,-2.96
2020-12-01,2.00
2020-12-02,1.56
2020-12-03,0.15
2020-12-04,-0.21
2020-12-07,2.07
2020-12-08,0.23
2020-12-10,-0.18
2020-12-11,0.08
2020-12-14,1.25
2020-12-15,-0.04
2020-12-16,1.80
2020-12-17,-0.08
2020-12-18,-0.15
2020-12-21,1.00
2020-12-22,-2.31
2020-12-23,-0.24
2020-12-28,1.41
2020-12-29,-0.94
2020-12-30,-0.95
2021-01-04,2.10
2021-01-05,0.53
2021-01-06,-1.17
2021-01-07,1.45
2021-01-08,1.69
2021-01-11,2.00
2021-01-12,0.20
2021-01-13,0.62
2021-01-14,-0.11
2021-01-15,-0.85
2021-01-18,0.26
2021-01-19,-1.06
2021-01-20,1.71
2021-01-21,-0.25
2021-01-22,-1.66
2021-01-25,-0.77
2021-01-26,-1.89
2021-01-27,-0.50
2021-01-28,-2.12
2021-01-29,-1.96
2021-02-01,3.50
2021-02-02,-0.39
2021-02-03,0.56
2021-02-04,0.48
2021-02-05,0.73
2021-02-08,0.93
2021-02-09,-0.44
2021-02-10,0.33
2021-02-11,0.33
2021-02-15,0.77
2021-02-16,0.35
2021-02-17,-1.03
2021-02-18,-0.44
2021-02-19,0.51
2021-02-22,0.38
2021-02-23,0.28
2021-02-24,-0.35
2021-02-25,0.62
2021-02-26,-0.76
2021-03-01,1.55
2021-03-02,0.33
2021-03-03,0.28
2021-03-04,-1.35
2021-03-05,-0.51
2021-03-08,-0.16
2021-03-09,-0.78
2021-03-10,1.05
2021-03-12,1.49
2021-03-15,-0.53
2021-03-16,-0.23
2021-03-17,-0.51
2021-03-18,1.12
2021-03-19,0.13
2021-03-22,-0.87
2021-03-23,-0.77
2021-03-24,-1.54
2021-03-25,-0.54
2021-03-26,1.19
2021-03-29,-0.46
2021-03-30,-1.55
2021-03-31,-1.42
2021-04-01,0.43
2021-04-05,-0.68
2021-04-06,0.54
2021-04-07,0.56
2021-04-08,0.58
2021-04-09,-0.02
2021-04-12,-2.00
2021-04-13,-0.36
2021-04-14,2.07
2021-04-15,0.48
2021-04-16,0.11
2021-04-19,-0.55
2021-04-20,-0.23
2021-04-21,-0.75
2021-04-22,0.02
2021-04-23,0.38
2021-04-26,-0.86
2021-04-27,-0.09
2021-04-28,0.25
2021-04-29,0.64
2021-04-30,-0.29
2021-05-03,-0.72
2021-05-04,0.19
2021-05-05,0.20
2021-05-06,-0.09
2021-05-07,-0.70
2021-05-10,0.80
2021-05-11,-0.63
2021-05-17,-1.76
2021-05-18,0.01
2021-05-19,-1.27
2021-05-20,0.64
2021-05-21,-0.42
2021-05-24,-0.16
2021-05-25,0.91
2021-05-27,0.45
2021-05-28,0.12
2021-05-31,1.69
2021-06-02,1.41
2021-06-03,0.99
2021-06-04,-0.43
2021-06-07,0.08
2021-06-08,-1.16
2021-06-09,0.80
2021-06-10,0.99
2021-06-11,-0.20
2021-06-14,-0.25
2021-06-15,0.14
2021-06-16,-0.17
2021-06-17,-0.17
2021-06-18,-1.01
2021-06-21,-0.18
2021-06-22,1.53
2021-06-23,-0.88
2021-06-24,-0.37
2021-06-25,0.17
2021-06-28,-1.38
2021-06-29,0.16
2021-06-30,0.61
2021-07-01,0.34
2021-07-02,0.28
2021-07-05,-0.29
2021-07-06,0.69
2021-07-07,-0.05
2021-07-08,-0.07
2021-07-09,0.00
2021-07-12,0.64
2021-07-13,-1.09
2021-07-14,-0.55
2021-07-15,1.13
2021-07-16,0.43
2021-07-19,-0.91
2021-07-21,0.21
2021-07-22,1.78
2021-07-23,-0.58
2021-07-26,0.08
2021-07-27,-0.15
2021-07-28,-0.14
2021-07-29,0.53
2021-07-30,-0.83
2021-08-02,0.44
2021-08-03,0.56
2021-08-04,0.46
2021-08-05,0.75
2021-08-06,-0.03
2021-08-09,-1.22
2021-08-10,-0.64
2021-08-12,0.84
2021-08-13,0.00
2021-08-16,-0.84
2021-08-18,0.50
2021-08-19,-2.06
2021-08-20,0.64
2021-08-23,1.31
2021-08-24,-0.33
2021-08-25,0.39
2021-08-26,-0.90
2021-08-27,-0.28
2021-08-30,1.71
2021-08-31,0.09
2021-09-01,-0.97
2021-09-02,-0.21
2021-09-03,0.80
2021-09-06,0.00
2021-09-07,-0.24
2021-09-08,-1.41
2021-09-09,0.70
2021-09-10,0.44
2021-09-13,-0.11
2021-09-14,0.67
2021-09-15,-0.31
2021-09-16,0.00
2021-09-17,0.38
2021-09-20,-0.93
2021-09-21,-0.26
2021-09-22,0.78
2021-09-23,0.56
2021-09-24,0.03
2021-09-27,-0.36
2021-09-28,-0.15
2021-09-29,0.81
2021-09-30,2.02
2021-10-01,-0.92
2021-10-04,1.83
2021-10-05,-0.86
2021-10-06,2.06
2021-10-07,-0.01
2021-10-08,1.02
2021-10-11,-0.34
2021-10-12,0.41
2021-10-13,0.78
2021-10-14,1.36
2021-10-15,0.11
2021-10-18,0.38
2021-10-19,-0.04
2021-10-21,-0.35
2021-10-22,0.16
2021-10-25,-0.27
2021-10-26,0.47
2021-10-27,-0.82
2021-10-28,-1.18
2021-10-29,1.03
2021-11-01,-0.58
2021-11-02,-0.91
2021-11-03,0.91
2021-11-04,0.52
2021-11-05,-0.07
2021-11-08,0.77
2021-11-09,0.57
2021-11-10,0.20
2021-11-11,0.12
2021-11-12,-0.60
2021-11-15,-0.53
2021-11-16,0.53
2021-11-17,0.37
2021-11-18,-0.59
2021-11-19,1.26
2021-11-22,0.05
2021-11-23,-0.68
2021-11-24,0.08
2021-11-25,0.24
2021-11-26,-2.06
2021-11-29,0.71
2021-11-30,-1.13
2021-12-01,-0.40
2021-12-02,1.17
2021-12-03,-0.69
2021-12-06,0.13
2021-12-07,0.85
2021-12-08,0.02
2021-12-09,0.61
2021-12-10,0.14
2021-12-13,0.15
2021-12-14,-0.71
2021-12-15,0.16
2021-12-16,-0.47
2021-12-17,0.11
2021-12-20,-0.83
2021-12-21,0.11
2021-12-22,-0.38
2021-12-23,0.40
2021-12-24,0.11
2021-12-27,0.19
2021-12-28,0.35
2021-12-29,0.04
2021-12-30,-0.29
2022-01-03,1.27
2022-01-04,0.45
2022-01-05,-0.49
2022-01-06,-0.13
2022-01-07,0.72
2022-01-10,-0.15
2022-01-11,-0.64
2022-01-12,-0.01
2022-01-13,0.17
2022-01-14,0.53
2022-01-17,-0.72
2022-01-18,-0.47
2022-01-19,-0.33
2022-01-20,0.53
2022-01-21,1.50
2022-01-24,-1.06
2022-01-25,-1.31
2022-01-26,0.50
2022-01-27,0.16
2022-01-28,0.52
2022-01-31,-0.22
2022-02-02,1.15
2022-02-03,-0.35
2022-02-04,0.71
2022-02-07,1.09
2022-02-08,-0.23
2022-02-09,0.66
2022-02-10,-0.16
2022-02-11,-0.12
2022-02-14,-1.19
2022-02-15,1.08
2022-02-16,0.63
2022-02-17,-0.22
2022-02-18,0.84
2022-02-21,0.15
2022-02-22,-0.59
2022-02-23,0.85
2022-02-24,-1.48
2022-02-25,1.03
2022-03-01,0.48
2022-03-02,-0.77
2022-03-04,0.87
2022-03-07,-0.86
2022-03-08,-0.80
2022-03-09,0.74
2022-03-10,0.87
2022-03-11,-0.02
2022-03-14,0.43
2022-03-15,-0.49
2022-03-16,1.07
2022-03-17,-0.40
2022-03-18,-0.14
2022-03-21,0.00
2022-03-22,0.66
2022-03-23,-0.07
2022-03-24,0.77
2022-03-25,-0.67
2022-03-28,0.67
2022-03-29,-0.54
2022-03-30,0.59
2022-03-31,0.26
2022-04-01,0.10
2022-04-04,0.53
2022-04-05,0.45
2022-04-06,-0.62
2022-04-07,0.33
2022-04-08,1.17
2022-04-11,-0.10
2022-04-12,0.15
2022-04-13,0.67
2022-04-14,-0.38
2022-04-18,0.55
2022-04-19,-1.05
2022-04-20,0.39
2022-04-21,0.68
2022-04-22,-0.70
2022-04-25,-0.13
2022-04-26,0.22
2022-04-27,-0.49
2022-04-28,0.45
2022-05-09,-4.42
2022-05-10,-1.30
2022-05-11,-0.05
2022-05-12,-3.17
2022-05-13,-0.03
2022-05-17,0.70
2022-05-18,2.24
2022-05-19,0.44
2022-05-20,1.39
2022-05-23,-1.12
2022-05-24,1.07
2022-05-25,-0.44
2022-05-27,2.07
2022-05-30,0.16
2022-05-31,1.58
2022-06-02,0.00
2022-06-03,0.48
2022-06-06,-1.20
2022-06-07,0.63
2022-06-08,0.73
2022-06-09,-0.15
2022-06-10,-1.34
2022-06-13,-1.29
2022-06-14,0.78
2022-06-15,-0.61
2022-06-16,0.62
2022-06-17,-1.61
2022-06-20,0.57
2022-06-21,0.97
2022-06-22,-0.85
2022-06-23,0.20
2022-06-24,0.64
2022-06-27,-0.38
2022-06-28,-0.28
2022-06-29,-0.77
2022-06-30,-0.44
2022-07-01,-1.70
2022-07-04,-2.28
2022-07-05,0.97
2022-07-06,-0.85
2022-07-07,0.09
2022-07-08,1.32
2022-07-11,-0.27
2022-07-12,-0.06
2022-07-13,-1.15
2022-07-14,0.74
2022-07-15,-0.57
2022-07-18,0.11
2022-07-19,1.15
2022-07-20,2.06
2022-07-21,-0.15
2022-07-22,0.33
2022-07-25,-0.41
2022-07-26,0.19
2022-07-27,0.39
2022-07-28,0.85
2022-07-29,-0.08
2022-08-01,0.25
2022-08-02,0.28
2022-08-03,0.84
2022-08-04,0.15
2022-08-05,0.39
2022-08-08,0.03
2022-08-09,0.23
2022-08-10,-0.23
2022-08-11,1.05
2022-08-12,-0.43
2022-08-15,-0.50
2022-08-16,0.57
2022-08-18,0.74
2022-08-19,-0.20
2022-08-22,-0.90
2022-08-23,0.78
2022-08-24,0.44
2022-08-25,-0.28
2022-08-26,-0.54
2022-08-29,-0.04
2022-08-30,0.38
2022-08-31,0.27
2022-09-01,-0.36
2022-09-02,0.34
2022-09-05,0.76
2022-09-06,0.02
2022-09-07,-0.64
2022-09-08,0.63
2022-09-09,0.15
2022-09-12,0.16
2022-09-13,0.88
2022-09-14,-0.55
2022-09-15,0.38
2022-09-16,-1.87
2022-09-19,0.37
2022-09-20,0.02
2022-09-21,-0.12
2022-09-22,0.43
2022-09-23,-0.56
2022-09-26,-0.71
2022-09-27,-0.21
2022-09-28,-0.50
2022-09-29,-0.58
2022-09-30,0.07
2022-10-03,-0.44
2022-10-04,0.89
2022-10-05,0.04
2022-10-06,0.02
2022-10-07,-0.70
2022-10-10,-0.46
2022-10-11,-0.79
2022-10-12,-0.43
2022-10-13,-0.41
2022-10-14,-0.96
2022-10-17,0.24
2022-10-18,0.05
2022-10-19,0.38
2022-10-20,1.75
2022-10-21,0.53
2022-10-24,0.50
2022-10-25,-0.07
2022-10-26,-0.06
2022-10-27,0.68
2022-10-28,-0.50
2022-10-31,0.61
2022-11-01,-0.66
2022-11-02,-0.52
2022-11-03,0.27
2022-11-04,0.16
2022-11-07,0.81
2022-11-08,-0.74
2022-11-09,0.28
2022-11-10,-1.46
2022-11-11,1.76
2022-11-14,-0.98
2022-11-15,0.23
2022-11-16,-0.30
2022-11-17,0.44
2022-11-18,0.53
2022-11-21,-0.27
2022-11-22,-0.46
2022-11-23,0.33
2022-11-24,0.37
2022-11-25,-0.39
2022-11-28,-0.51
2022-11-29,-0.08
2022-11-30,0.99
2022-12-01,-0.85
2022-12-02,-0.02
2022-12-05,-0.46
2022-12-06,-1.36
2022-12-07,-1.07
2022-12-08,-0.21
2022-12-09,-1.31
2022-12-12,0.29
2022-12-13,1.13
2022-12-14,-0.13
2022-12-15,-0.73
2022-12-16,0.89
2022-12-19,-0.48
2022-12-20,-0.17
2022-12-21,0.77
2022-12-22,0.06
2022-12-23,-0.35
2022-12-26,0.52
2022-12-27,1.28
2022-12-28,-1.05
2022-12-29,0.14
2022-12-30,-0.14
2023-01-02,0.01
2023-01-03,0.55
2023-01-04,-1.10
2023-01-05,-2.34
2023-01-06,0.46
2023-01-09,0.06
2023-01-10,-0.98
2023-01-11,-0.57
2023-01-12,0.69
2023-01-13,0.18
2023-01-16,0.70
2023-01-17,1.19
2023-01-18,-0.02
2023-01-19,0.80
2023-01-20,0.81
2023-01-24,-0.20
2023-01-25,-0.45
2023-01-26,0.51
2023-01-27,0.50
2023-01-30,-0.38
2023-01-31,-0.48
2023-02-01,0.34
2023-02-02,0.41
2023-02-03,0.31
2023-02-06,-0.55
2023-02-07,0.89
2023-02-08,0.07
2023-02-09,-0.62
2023-02-10,-0.25
2023-02-13,0.29
2023-02-14,0.60
2023-02-15,-0.39
2023-02-16,-0.27
2023-02-17,0.00
2023-02-20,-0.01
2023-02-21,-0.31
2023-02-22,-0.92
2023-02-23,0.43
2023-02-24,0.25
2023-02-27,-0.03
2023-02-28,-0.17
2023-03-01,0.02
2023-03-02,0.18
2023-03-03,-0.64
2023-03-06,-0.10
2023-03-07,-0.59
2023-03-08,0.14
2023-03-09,0.35
2023-03-10,-0.51
2023-03-13,0.32
2023-03-14,-2.14
2023-03-15,-0.21
2023-03-16,-0.94
2023-03-17,1.71
2023-03-20,-0.98
2023-03-21,1.20
2023-03-24,1.06
2023-03-27,-0.79
2023-03-28,0.77
2023-03-29,1.17
2023-03-30,-0.45
2023-03-31,-0.05
2023-04-03,0.32
2023-04-04,0.09
2023-04-05,-0.20
2023-04-06,-0.39
2023-04-10,-0.32
2023-04-11,0.59
2023-04-12,-0.18
2023-04-13,-0.20
2023-04-14,0.49
2023-04-17,-0.45
2023-04-18,0.50
2023-04-26,1.29
2023-04-27,0.51
2023-04-28,-0.43
2023-05-02,-0.76
2023-05-03,-0.74
2023-05-04,0.46
2023-05-05,-0.82
2023-05-08,-0.27
2023-05-09,0.15
2023-05-10,0.47
2023-05-11,-0.82
2023-05-12,-0.71
2023-05-15,0.06
2023-05-16,-0.52
2023-05-17,-0.20
2023-05-19,0.56
2023-05-22,0.43
2023-05-23,0.10
2023-05-24,0.14
2023-05-25,-0.62
2023-05-26,-0.26
2023-05-29,-0.09
2023-05-30,-0.67
2023-05-31,-0.05
2023-06-05,0.00
2023-06-06,-0.22
2023-06-07,0.01
2023-06-08,0.70
2023-06-09,0.42
2023-06-12,0.42
2023-06-13,-0.05
2023-06-14,-0.29
2023-06-15,0.21
2023-06-16,-0.23
2023-06-19,-0.19
2023-06-20,-0.38
2023-06-21,0.63
2023-06-22,-0.75
2023-06-23,-0.19
2023-06-26,0.38
2023-06-27,-0.04
2023-07-03,0.52
2023-07-04,-0.22
2023-07-05,0.56
2023-07-06,0.57
2023-07-07,-0.60
2023-07-10,0.22
2023-07-11,0.98
2023-07-12,0.17
2023-07-13,0.03
2023-07-14,0.87
2023-07-17,-0.04
2023-07-18,-0.54
2023-07-20,0.50
2023-07-21,0.24
2023-07-24,0.27
2023-07-25,0.27
2023-07-26,0.44
2023-07-27,-0.74
2023-07-28,0.05
2023-07-31,0.45
2023-08-01,-0.65
2023-08-02,-0.46
2023-08-03,0.64
2023-08-04,-0.66
2023-08-07,0.49
2023-08-08,-0.25
2023-08-09,0.09
2023-08-10,0.26
2023-08-11,-0.19
2023-08-14,0.44
2023-08-15,0.07
2023-08-16,-0.21
2023-08-18,-0.59
2023-08-21,0.09
2023-08-22,0.73
2023-08-23,0.07
2023-08-24,-0.32
2023-08-25,-0.06
2023-08-28,0.38
2023-08-29,0.52
2023-08-30,0.13
2023-08-31,-0.19
2023-09-01,0.35
2023-09-04,0.27
2023-09-05,-0.07
2023-09-06,0.06
2023-09-07,-0.59
2023-09-08,-0.43
2023-09-11,0.56
2023-09-12,-0.42
2023-09-13,0.02
2023-09-14,0.34
2023-09-15,0.34
2023-09-18,-0.67
2023-09-19,0.64
2023-09-20,0.45
2023-09-21,-0.29
2023-09-22,0.36
2023-09-25,-0.26
2023-09-26,-1.07
2023-09-27,0.20
2023-09-29,0.03
2023-10-02,0.31
2023-10-03,-0.30
2023-10-04,-0.78
2023-10-05,-0.17
2023-10-06,0.20
2023-10-09,0.04
2023-10-10,0.45
2023-10-11,0.14
2023-10-12,0.05
2023-10-13,-0.12
2023-10-16,-0.44
2023-10-17,0.63
2023-10-18,-0.17
2023-10-19,-1.18
2023-10-20,0.04
2023-10-23,-1.57
2023-10-24,0.96
2023-10-25,0.41
2023-10-26,-1.75
2023-10-27,0.66
2023-10-30,-0.34
2023-10-31,0.24
2023-11-01,-1.63
2023-11-02,1.64
2023-11-03,0.55
2023-11-06,1.33
2023-11-07,-0.51
2023-11-08,-0.58
2023-11-09,0.50
2023-11-10,-0.42
2023-11-13,0.43
2023-11-14,0.35
2023-11-15,1.40
2023-11-16,0.00
2023-11-17,0.28
2023-11-20,0.25
2023-11-21,-0.47
2023-11-22,-0.79
2023-11-23,1.41
2023-11-24,0.08
2023-11-27,0.05
2023-11-28,0.39
2023-11-29,-0.07
2023-11-30,0.63
2023-12-01,-0.29
2023-12-04,0.48
2023-12-05,0.10
2023-12-06,-0.19
2023-12-07,0.67
2023-12-08,0.35
2023-12-11,-0.99
2023-12-12,0.52
2023-12-13,-0.70
2023-12-14,1.42
2023-12-15,0.21
2023-12-18,-0.99
2023-12-19,0.96
2023-12-20,0.44
2023-12-21,-0.14
2023-12-22,0.39
2023-12-27,0.12
2023-12-28,0.80
2023-12-29,-0.43
2024-01-02,0.70
2024-01-03,-0.61
2024-01-04,1.11
2024-01-05,-0.12
2024-01-08,-0.91
2024-01-09,-1.14
2024-01-10,0.38
2024-01-11,-0.10
2024-01-12,0.29
2024-01-15,-0.24
2024-01-16,0.26
2024-01-17,-0.58
2024-01-18,0.73
2024-01-19,-0.35
2024-01-22,0.28
2024-01-23,0.11
2024-01-24,-0.39
2024-01-25,-0.69
2024-01-26,-0.57
2024-01-29,0.28
2024-01-30,0.49
2024-01-31,0.22
2024-02-01,-0.09
2024-02-02,0.52
2024-02-05,-0.55
2024-02-06,0.68
2024-02-07,-0.17
2024-02-12,0.86
2024-02-13,-1.20
2024-02-15,1.30
2024-02-16,0.44
2024-02-19,-0.53
2024-02-20,0.77
2024-02-21,-0.05
2024-02-22,-0.13
2024-02-23,-0.61
2024-02-26,-0.15
2024-02-27,0.02
2024-02-28,0.59
2024-02-29,-0.17
2024-03-01,-0.06
2024-03-04,-0.48
2024-03-05,-0.40
2024-03-06,1.14
2024-03-07,0.60
2024-03-08,0.11
2024-03-13,0.53
2024-03-14,0.16
2024-03-15,-1.42
2024-03-18,-0.35
2024-03-19,0.47
2024-03-20,-0.08
2024-03-21,0.10
2024-03-22,0.16
2024-03-25,0.38
2024-03-26,-0.16
2024-03-27,-0.75
2024-03-28,-0.29
2024-04-01,-1.15
2024-04-02,0.44
2024-04-03,-0.97
2024-04-04,1.22
2024-04-05,0.45
2024-04-16,-1.68
2024-04-17,-0.47
2024-04-18,0.50
2024-04-19,-1.11
2024-04-22,-0.19
2024-04-23,0.52
2024-04-24,0.90
2024-04-25,-0.27
2024-04-26,-1.67
2024-04-29,1.70
2024-04-30,1.10
2024-05-02,-1.61
2024-05-03,0.24
2024-05-06,0.02
2024-05-07,-0.17
2024-05-08,-0.49
2024-05-13,0.15
2024-05-14,-0.22
2024-05-15,1.36
2024-05-16,0.93
2024-05-17,0.97
2024-05-20,-0.69
2024-05-21,-1.11
2024-05-22,0.51
2024-05-27,-0.64
2024-05-28,1.08
2024-05-29,-1.56
2024-05-30,-1.49
2024-05-31,-0.90
2024-06-03,0.94
2024-06-04,0.90
2024-06-05,-2.14
2024-06-06,0.39
2024-06-07,-1.10
2024-06-10,0.34
2024-06-11,-0.95
2024-06-12,-0.08
2024-06-13,-0.27
2024-06-14,-1.42
2024-06-19,-0.12
2024-06-20,1.37
2024-06-21,0.89
2024-06-24,0.13
2024-06-25,-0.09
2024-06-26,0.33
2024-06-27,0.90
2024-06-28,1.37